"","POBP","SEX","AGEP","count","cont"
"1","AmericanSamoa","male","very young",16,NA
"2","AmericanSamoa","male","young",34,NA
"3","AmericanSamoa","male","middle",33,NA
"4","AmericanSamoa","male","old",23,NA
"5","AmericanSamoa","male","very old",2,NA
"6","AmericanSamoa","female","very young",17,NA
"7","AmericanSamoa","female","young",39,NA
"8","AmericanSamoa","female","middle",33,NA
"9","AmericanSamoa","female","old",33,NA
"10","AmericanSamoa","female","very old",5,NA
"11","Guam","male","very young",76,NA
"12","Guam","male","young",153,NA
"13","Guam","male","middle",116,NA
"14","Guam","male","old",51,NA
"15","Guam","male","very old",12,NA
"16","Guam","female","very young",75,NA
"17","Guam","female","young",146,NA
"18","Guam","female","middle",121,NA
"19","Guam","female","old",69,NA
"20","Guam","female","very old",10,NA
"21","CommonwealthoftheNorthernMarianaIslands","male","very young",15,NA
"22","CommonwealthoftheNorthernMarianaIslands","male","young",16,NA
"23","CommonwealthoftheNorthernMarianaIslands","male","middle",7,NA
"24","CommonwealthoftheNorthernMarianaIslands","male","old",4,NA
"25","CommonwealthoftheNorthernMarianaIslands","female","very young",15,NA
"26","CommonwealthoftheNorthernMarianaIslands","female","young",18,NA
"27","CommonwealthoftheNorthernMarianaIslands","female","middle",17,NA
"28","CommonwealthoftheNorthernMarianaIslands","female","old",5,NA
"29","PuertoRico","male","very young",668,NA
"30","PuertoRico","male","young",1442,NA
"31","PuertoRico","male","middle",1962,NA
"32","PuertoRico","male","old",1663,NA
"33","PuertoRico","male","very old",369,NA
"34","PuertoRico","female","very young",668,NA
"35","PuertoRico","female","young",1408,NA
"36","PuertoRico","female","middle",2063,NA
"37","PuertoRico","female","old",2062,NA
"38","PuertoRico","female","very old",588,NA
"39","USVirginIslands","male","very young",33,NA
"40","USVirginIslands","male","young",105,NA
"41","USVirginIslands","male","middle",89,NA
"42","USVirginIslands","male","old",23,NA
"43","USVirginIslands","male","very old",7,NA
"44","USVirginIslands","female","very young",39,NA
"45","USVirginIslands","female","young",84,NA
"46","USVirginIslands","female","middle",92,NA
"47","USVirginIslands","female","old",37,NA
"48","USVirginIslands","female","very old",17,NA
"49","Albania","male","very young",43,"EUROPE"
"50","Albania","male","young",119,"EUROPE"
"51","Albania","male","middle",103,"EUROPE"
"52","Albania","male","old",50,"EUROPE"
"53","Albania","male","very old",12,"EUROPE"
"54","Albania","female","very young",41,"EUROPE"
"55","Albania","female","young",133,"EUROPE"
"56","Albania","female","middle",108,"EUROPE"
"57","Albania","female","old",35,"EUROPE"
"58","Albania","female","very old",22,"EUROPE"
"59","Austria","male","very young",13,"EUROPE"
"60","Austria","male","young",36,"EUROPE"
"61","Austria","male","middle",39,"EUROPE"
"62","Austria","male","old",125,"EUROPE"
"63","Austria","male","very old",51,"EUROPE"
"64","Austria","female","very young",9,"EUROPE"
"65","Austria","female","young",40,"EUROPE"
"66","Austria","female","middle",52,"EUROPE"
"67","Austria","female","old",146,"EUROPE"
"68","Austria","female","very old",92,"EUROPE"
"69","Belgium","male","very young",22,"EUROPE"
"70","Belgium","male","young",60,"EUROPE"
"71","Belgium","male","middle",49,"EUROPE"
"72","Belgium","male","old",50,"EUROPE"
"73","Belgium","male","very old",18,"EUROPE"
"74","Belgium","female","very young",30,"EUROPE"
"75","Belgium","female","young",45,"EUROPE"
"76","Belgium","female","middle",58,"EUROPE"
"77","Belgium","female","old",63,"EUROPE"
"78","Belgium","female","very old",45,"EUROPE"
"79","Bulgaria","male","very young",41,"EUROPE"
"80","Bulgaria","male","young",97,"EUROPE"
"81","Bulgaria","male","middle",107,"EUROPE"
"82","Bulgaria","male","old",51,"EUROPE"
"83","Bulgaria","male","very old",9,"EUROPE"
"84","Bulgaria","female","very young",34,"EUROPE"
"85","Bulgaria","female","young",127,"EUROPE"
"86","Bulgaria","female","middle",115,"EUROPE"
"87","Bulgaria","female","old",38,"EUROPE"
"88","Bulgaria","female","very old",9,"EUROPE"
"89","Czechoslovakia","male","very young",1,NA
"90","Czechoslovakia","male","young",9,NA
"91","Czechoslovakia","male","middle",24,NA
"92","Czechoslovakia","male","old",32,NA
"93","Czechoslovakia","male","very old",29,NA
"94","Czechoslovakia","female","young",7,NA
"95","Czechoslovakia","female","middle",23,NA
"96","Czechoslovakia","female","old",34,NA
"97","Czechoslovakia","female","very old",59,NA
"98","Denmark","male","very young",19,"EUROPE"
"99","Denmark","male","young",27,"EUROPE"
"100","Denmark","male","middle",59,"EUROPE"
"101","Denmark","male","old",30,"EUROPE"
"102","Denmark","male","very old",29,"EUROPE"
"103","Denmark","female","very young",22,"EUROPE"
"104","Denmark","female","young",27,"EUROPE"
"105","Denmark","female","middle",59,"EUROPE"
"106","Denmark","female","old",65,"EUROPE"
"107","Denmark","female","very old",25,"EUROPE"
"108","Finland","male","very young",11,"EUROPE"
"109","Finland","male","young",15,"EUROPE"
"110","Finland","male","middle",30,"EUROPE"
"111","Finland","male","old",27,"EUROPE"
"112","Finland","male","very old",7,"EUROPE"
"113","Finland","female","very young",10,"EUROPE"
"114","Finland","female","young",29,"EUROPE"
"115","Finland","female","middle",48,"EUROPE"
"116","Finland","female","old",50,"EUROPE"
"117","Finland","female","very old",24,"EUROPE"
"118","France","male","very young",127,"EUROPE"
"119","France","male","young",299,"EUROPE"
"120","France","male","middle",475,"EUROPE"
"121","France","male","old",200,"EUROPE"
"122","France","male","very old",63,"EUROPE"
"123","France","female","very young",127,"EUROPE"
"124","France","female","young",252,"EUROPE"
"125","France","female","middle",436,"EUROPE"
"126","France","female","old",296,"EUROPE"
"127","France","female","very old",144,"EUROPE"
"128","Germany","male","very young",540,"EUROPE"
"129","Germany","male","young",1268,"EUROPE"
"130","Germany","male","middle",1824,"EUROPE"
"131","Germany","male","old",1165,"EUROPE"
"132","Germany","male","very old",431,"EUROPE"
"133","Germany","female","very young",576,"EUROPE"
"134","Germany","female","young",1349,"EUROPE"
"135","Germany","female","middle",2321,"EUROPE"
"136","Germany","female","old",1962,"EUROPE"
"137","Germany","female","very old",973,"EUROPE"
"138","Greece","male","very young",15,"EUROPE"
"139","Greece","male","young",83,"EUROPE"
"140","Greece","male","middle",232,"EUROPE"
"141","Greece","male","old",323,"EUROPE"
"142","Greece","male","very old",125,"EUROPE"
"143","Greece","female","very young",15,"EUROPE"
"144","Greece","female","young",61,"EUROPE"
"145","Greece","female","middle",172,"EUROPE"
"146","Greece","female","old",270,"EUROPE"
"147","Greece","female","very old",177,"EUROPE"
"148","Hungary","male","very young",21,"EUROPE"
"149","Hungary","male","young",64,"EUROPE"
"150","Hungary","male","middle",70,"EUROPE"
"151","Hungary","male","old",156,"EUROPE"
"152","Hungary","male","very old",80,"EUROPE"
"153","Hungary","female","very young",17,"EUROPE"
"154","Hungary","female","young",70,"EUROPE"
"155","Hungary","female","middle",104,"EUROPE"
"156","Hungary","female","old",170,"EUROPE"
"157","Hungary","female","very old",94,"EUROPE"
"158","Iceland","male","very young",6,"EUROPE"
"159","Iceland","male","young",17,"EUROPE"
"160","Iceland","male","middle",13,"EUROPE"
"161","Iceland","male","old",13,"EUROPE"
"162","Iceland","male","very old",9,"EUROPE"
"163","Iceland","female","very young",10,"EUROPE"
"164","Iceland","female","young",16,"EUROPE"
"165","Iceland","female","middle",18,"EUROPE"
"166","Iceland","female","old",12,"EUROPE"
"167","Iceland","female","very old",6,"EUROPE"
"168","Ireland","male","very young",23,"EUROPE"
"169","Ireland","male","young",123,"EUROPE"
"170","Ireland","male","middle",261,"EUROPE"
"171","Ireland","male","old",204,"EUROPE"
"172","Ireland","male","very old",97,"EUROPE"
"173","Ireland","female","very young",30,"EUROPE"
"174","Ireland","female","young",75,"EUROPE"
"175","Ireland","female","middle",182,"EUROPE"
"176","Ireland","female","old",260,"EUROPE"
"177","Ireland","female","very old",214,"EUROPE"
"178","Italy","male","very young",119,"EUROPE"
"179","Italy","male","young",238,"EUROPE"
"180","Italy","male","middle",562,"EUROPE"
"181","Italy","male","old",875,"EUROPE"
"182","Italy","male","very old",444,"EUROPE"
"183","Italy","female","very young",103,"EUROPE"
"184","Italy","female","young",192,"EUROPE"
"185","Italy","female","middle",496,"EUROPE"
"186","Italy","female","old",900,"EUROPE"
"187","Italy","female","very old",610,"EUROPE"
"188","Netherlands","male","very young",48,"EUROPE"
"189","Netherlands","male","young",93,"EUROPE"
"190","Netherlands","male","middle",172,"EUROPE"
"191","Netherlands","male","old",174,"EUROPE"
"192","Netherlands","male","very old",59,"EUROPE"
"193","Netherlands","female","very young",45,"EUROPE"
"194","Netherlands","female","young",72,"EUROPE"
"195","Netherlands","female","middle",157,"EUROPE"
"196","Netherlands","female","old",219,"EUROPE"
"197","Netherlands","female","very old",96,"EUROPE"
"198","Norway","male","very young",29,"EUROPE"
"199","Norway","male","young",36,"EUROPE"
"200","Norway","male","middle",43,"EUROPE"
"201","Norway","male","old",46,"EUROPE"
"202","Norway","male","very old",17,"EUROPE"
"203","Norway","female","very young",26,"EUROPE"
"204","Norway","female","young",33,"EUROPE"
"205","Norway","female","middle",40,"EUROPE"
"206","Norway","female","old",61,"EUROPE"
"207","Norway","female","very old",45,"EUROPE"
"208","Poland","male","very young",70,"EUROPE"
"209","Poland","male","young",479,"EUROPE"
"210","Poland","male","middle",656,"EUROPE"
"211","Poland","male","old",476,"EUROPE"
"212","Poland","male","very old",198,"EUROPE"
"213","Poland","female","very young",78,"EUROPE"
"214","Poland","female","young",611,"EUROPE"
"215","Poland","female","middle",769,"EUROPE"
"216","Poland","female","old",611,"EUROPE"
"217","Poland","female","very old",323,"EUROPE"
"218","Portugal","male","very young",37,"EUROPE"
"219","Portugal","male","young",102,"EUROPE"
"220","Portugal","male","middle",355,"EUROPE"
"221","Portugal","male","old",299,"EUROPE"
"222","Portugal","male","very old",61,"EUROPE"
"223","Portugal","female","very young",21,"EUROPE"
"224","Portugal","female","young",99,"EUROPE"
"225","Portugal","female","middle",356,"EUROPE"
"226","Portugal","female","old",311,"EUROPE"
"227","Portugal","female","very old",115,"EUROPE"
"228","AzoresIslands","male","very young",1,NA
"229","AzoresIslands","male","young",4,NA
"230","AzoresIslands","male","middle",41,NA
"231","AzoresIslands","male","old",38,NA
"232","AzoresIslands","male","very old",4,NA
"233","AzoresIslands","female","very young",2,NA
"234","AzoresIslands","female","young",12,NA
"235","AzoresIslands","female","middle",57,NA
"236","AzoresIslands","female","old",48,NA
"237","AzoresIslands","female","very old",28,NA
"238","Romania","male","very young",62,"EUROPE"
"239","Romania","male","young",186,"EUROPE"
"240","Romania","male","middle",262,"EUROPE"
"241","Romania","male","old",176,"EUROPE"
"242","Romania","male","very old",47,"EUROPE"
"243","Romania","female","very young",60,"EUROPE"
"244","Romania","female","young",271,"EUROPE"
"245","Romania","female","middle",305,"EUROPE"
"246","Romania","female","old",185,"EUROPE"
"247","Romania","female","very old",79,"EUROPE"
"248","Spain","male","very young",81,"EUROPE"
"249","Spain","male","young",163,"EUROPE"
"250","Spain","male","middle",233,"EUROPE"
"251","Spain","male","old",126,"EUROPE"
"252","Spain","male","very old",42,"EUROPE"
"253","Spain","female","very young",88,"EUROPE"
"254","Spain","female","young",155,"EUROPE"
"255","Spain","female","middle",264,"EUROPE"
"256","Spain","female","old",130,"EUROPE"
"257","Spain","female","very old",62,"EUROPE"
"258","Sweden","male","very young",41,"EUROPE"
"259","Sweden","male","young",47,"EUROPE"
"260","Sweden","male","middle",63,"EUROPE"
"261","Sweden","male","old",54,"EUROPE"
"262","Sweden","male","very old",19,"EUROPE"
"263","Sweden","female","very young",29,"EUROPE"
"264","Sweden","female","young",77,"EUROPE"
"265","Sweden","female","middle",89,"EUROPE"
"266","Sweden","female","old",97,"EUROPE"
"267","Sweden","female","very old",33,"EUROPE"
"268","Switzerland","male","very young",33,"EUROPE"
"269","Switzerland","male","young",40,"EUROPE"
"270","Switzerland","male","middle",91,"EUROPE"
"271","Switzerland","male","old",55,"EUROPE"
"272","Switzerland","male","very old",38,"EUROPE"
"273","Switzerland","female","very young",50,"EUROPE"
"274","Switzerland","female","young",44,"EUROPE"
"275","Switzerland","female","middle",77,"EUROPE"
"276","Switzerland","female","old",74,"EUROPE"
"277","Switzerland","female","very old",57,"EUROPE"
"278","UnitedKingdom","male","very young",244,"EUROPE"
"279","UnitedKingdom","male","young",435,"EUROPE"
"280","UnitedKingdom","male","middle",773,"EUROPE"
"281","UnitedKingdom","male","old",494,"EUROPE"
"282","UnitedKingdom","male","very old",94,"EUROPE"
"283","UnitedKingdom","female","very young",219,"EUROPE"
"284","UnitedKingdom","female","young",317,"EUROPE"
"285","UnitedKingdom","female","middle",666,"EUROPE"
"286","UnitedKingdom","female","old",566,"EUROPE"
"287","UnitedKingdom","female","very old",161,"EUROPE"
"288","England","male","very young",184,"EUROPE"
"289","England","male","young",374,"EUROPE"
"290","England","male","middle",787,"EUROPE"
"291","England","male","old",617,"EUROPE"
"292","England","male","very old",169,"EUROPE"
"293","England","female","very young",182,"EUROPE"
"294","England","female","young",349,"EUROPE"
"295","England","female","middle",825,"EUROPE"
"296","England","female","old",811,"EUROPE"
"297","England","female","very old",449,"EUROPE"
"298","Scotland","male","very young",17,"EUROPE"
"299","Scotland","male","young",56,"EUROPE"
"300","Scotland","male","middle",118,"EUROPE"
"301","Scotland","male","old",109,"EUROPE"
"302","Scotland","male","very old",44,"EUROPE"
"303","Scotland","female","very young",14,"EUROPE"
"304","Scotland","female","young",42,"EUROPE"
"305","Scotland","female","middle",126,"EUROPE"
"306","Scotland","female","old",193,"EUROPE"
"307","Scotland","female","very old",107,"EUROPE"
"308","Yugoslavia","male","very young",4,"EUROPE"
"309","Yugoslavia","male","young",35,"EUROPE"
"310","Yugoslavia","male","middle",65,"EUROPE"
"311","Yugoslavia","male","old",79,"EUROPE"
"312","Yugoslavia","male","very old",45,"EUROPE"
"313","Yugoslavia","female","very young",5,"EUROPE"
"314","Yugoslavia","female","young",22,"EUROPE"
"315","Yugoslavia","female","middle",63,"EUROPE"
"316","Yugoslavia","female","old",82,"EUROPE"
"317","Yugoslavia","female","very old",51,"EUROPE"
"318","CzechRepublic","male","very young",9,"EUROPE"
"319","CzechRepublic","male","young",30,"EUROPE"
"320","CzechRepublic","male","middle",35,"EUROPE"
"321","CzechRepublic","male","old",32,"EUROPE"
"322","CzechRepublic","male","very old",19,"EUROPE"
"323","CzechRepublic","female","very young",8,"EUROPE"
"324","CzechRepublic","female","young",54,"EUROPE"
"325","CzechRepublic","female","middle",53,"EUROPE"
"326","CzechRepublic","female","old",44,"EUROPE"
"327","CzechRepublic","female","very old",31,"EUROPE"
"328","Slovakia","male","very young",4,"EUROPE"
"329","Slovakia","male","young",20,"EUROPE"
"330","Slovakia","male","middle",26,"EUROPE"
"331","Slovakia","male","old",21,"EUROPE"
"332","Slovakia","male","very old",6,"EUROPE"
"333","Slovakia","female","very young",3,"EUROPE"
"334","Slovakia","female","young",33,"EUROPE"
"335","Slovakia","female","middle",31,"EUROPE"
"336","Slovakia","female","old",20,"EUROPE"
"337","Slovakia","female","very old",18,"EUROPE"
"338","BosniaandHerzegovina","male","very young",23,"EUROPE"
"339","BosniaandHerzegovina","male","young",197,"EUROPE"
"340","BosniaandHerzegovina","male","middle",181,"EUROPE"
"341","BosniaandHerzegovina","male","old",63,"EUROPE"
"342","BosniaandHerzegovina","male","very old",4,"EUROPE"
"343","BosniaandHerzegovina","female","very young",39,"EUROPE"
"344","BosniaandHerzegovina","female","young",181,"EUROPE"
"345","BosniaandHerzegovina","female","middle",195,"EUROPE"
"346","BosniaandHerzegovina","female","old",72,"EUROPE"
"347","BosniaandHerzegovina","female","very old",11,"EUROPE"
"348","Croatia","male","very young",7,"EUROPE"
"349","Croatia","male","young",51,"EUROPE"
"350","Croatia","male","middle",54,"EUROPE"
"351","Croatia","male","old",72,"EUROPE"
"352","Croatia","male","very old",27,"EUROPE"
"353","Croatia","female","very young",11,"EUROPE"
"354","Croatia","female","young",36,"EUROPE"
"355","Croatia","female","middle",59,"EUROPE"
"356","Croatia","female","old",78,"EUROPE"
"357","Croatia","female","very old",38,"EUROPE"
"358","Macedonia","male","very young",2,"EUROPE"
"359","Macedonia","male","young",30,"EUROPE"
"360","Macedonia","male","middle",32,"EUROPE"
"361","Macedonia","male","old",26,"EUROPE"
"362","Macedonia","male","very old",3,"EUROPE"
"363","Macedonia","female","very young",3,"EUROPE"
"364","Macedonia","female","young",22,"EUROPE"
"365","Macedonia","female","middle",36,"EUROPE"
"366","Macedonia","female","old",16,"EUROPE"
"367","Macedonia","female","very old",4,"EUROPE"
"368","Serbia","male","very young",16,"EUROPE"
"369","Serbia","male","young",52,"EUROPE"
"370","Serbia","male","middle",56,"EUROPE"
"371","Serbia","male","old",35,"EUROPE"
"372","Serbia","male","very old",14,"EUROPE"
"373","Serbia","female","very young",12,"EUROPE"
"374","Serbia","female","young",55,"EUROPE"
"375","Serbia","female","middle",60,"EUROPE"
"376","Serbia","female","old",43,"EUROPE"
"377","Serbia","female","very old",11,"EUROPE"
"378","Latvia","male","very young",7,"EUROPE"
"379","Latvia","male","young",14,"EUROPE"
"380","Latvia","male","middle",18,"EUROPE"
"381","Latvia","male","old",46,"EUROPE"
"382","Latvia","male","very old",26,"EUROPE"
"383","Latvia","female","very young",3,"EUROPE"
"384","Latvia","female","young",43,"EUROPE"
"385","Latvia","female","middle",27,"EUROPE"
"386","Latvia","female","old",32,"EUROPE"
"387","Latvia","female","very old",45,"EUROPE"
"388","Lithuania","male","very young",12,"EUROPE"
"389","Lithuania","male","young",46,"EUROPE"
"390","Lithuania","male","middle",37,"EUROPE"
"391","Lithuania","male","old",34,"EUROPE"
"392","Lithuania","male","very old",21,"EUROPE"
"393","Lithuania","female","very young",14,"EUROPE"
"394","Lithuania","female","young",56,"EUROPE"
"395","Lithuania","female","middle",64,"EUROPE"
"396","Lithuania","female","old",50,"EUROPE"
"397","Lithuania","female","very old",32,"EUROPE"
"398","Armenia","male","very young",26,"EUROPE"
"399","Armenia","male","young",109,"EUROPE"
"400","Armenia","male","middle",114,"EUROPE"
"401","Armenia","male","old",50,"EUROPE"
"402","Armenia","male","very old",9,"EUROPE"
"403","Armenia","female","very young",21,"EUROPE"
"404","Armenia","female","young",140,"EUROPE"
"405","Armenia","female","middle",112,"EUROPE"
"406","Armenia","female","old",71,"EUROPE"
"407","Armenia","female","very old",14,"EUROPE"
"408","Azerbaijan","male","very young",7,"EUROPE"
"409","Azerbaijan","male","young",26,"EUROPE"
"410","Azerbaijan","male","middle",35,"EUROPE"
"411","Azerbaijan","male","old",18,"EUROPE"
"412","Azerbaijan","male","very old",4,"EUROPE"
"413","Azerbaijan","female","very young",6,"EUROPE"
"414","Azerbaijan","female","young",32,"EUROPE"
"415","Azerbaijan","female","middle",33,"EUROPE"
"416","Azerbaijan","female","old",24,"EUROPE"
"417","Azerbaijan","female","very old",14,"EUROPE"
"418","Belarus","male","very young",17,"EUROPE"
"419","Belarus","male","young",73,"EUROPE"
"420","Belarus","male","middle",58,"EUROPE"
"421","Belarus","male","old",37,"EUROPE"
"422","Belarus","male","very old",26,"EUROPE"
"423","Belarus","female","very young",18,"EUROPE"
"424","Belarus","female","young",96,"EUROPE"
"425","Belarus","female","middle",70,"EUROPE"
"426","Belarus","female","old",52,"EUROPE"
"427","Belarus","female","very old",31,"EUROPE"
"428","Moldova","male","very young",25,"EUROPE"
"429","Moldova","male","young",60,"EUROPE"
"430","Moldova","male","middle",29,"EUROPE"
"431","Moldova","male","old",30,"EUROPE"
"432","Moldova","male","very old",12,"EUROPE"
"433","Moldova","female","very young",28,"EUROPE"
"434","Moldova","female","young",86,"EUROPE"
"435","Moldova","female","middle",52,"EUROPE"
"436","Moldova","female","old",29,"EUROPE"
"437","Moldova","female","very old",17,"EUROPE"
"438","Russia","male","very young",422,"ASIA"
"439","Russia","male","young",460,"ASIA"
"440","Russia","male","middle",380,"ASIA"
"441","Russia","male","old",266,"ASIA"
"442","Russia","male","very old",65,"ASIA"
"443","Russia","female","very young",386,"ASIA"
"444","Russia","female","young",622,"ASIA"
"445","Russia","female","middle",602,"ASIA"
"446","Russia","female","old",388,"ASIA"
"447","Russia","female","very old",161,"ASIA"
"448","Ukraine","male","very young",191,"EUROPE"
"449","Ukraine","male","young",439,"EUROPE"
"450","Ukraine","male","middle",396,"EUROPE"
"451","Ukraine","male","old",269,"EUROPE"
"452","Ukraine","male","very old",142,"EUROPE"
"453","Ukraine","female","very young",193,"EUROPE"
"454","Ukraine","female","young",556,"EUROPE"
"455","Ukraine","female","middle",516,"EUROPE"
"456","Ukraine","female","old",350,"EUROPE"
"457","Ukraine","female","very old",209,"EUROPE"
"458","USSR","male","very young",2,NA
"459","USSR","male","young",45,NA
"460","USSR","male","middle",82,NA
"461","USSR","male","old",79,NA
"462","USSR","male","very old",12,NA
"463","USSR","female","very young",1,NA
"464","USSR","female","young",47,NA
"465","USSR","female","middle",82,NA
"466","USSR","female","old",83,NA
"467","USSR","female","very old",17,NA
"468","Montenegro","male","young",17,"EUROPE"
"469","Montenegro","male","middle",33,"EUROPE"
"470","Montenegro","male","old",19,"EUROPE"
"471","Montenegro","male","very old",3,"EUROPE"
"472","Montenegro","female","very young",1,"EUROPE"
"473","Montenegro","female","young",13,"EUROPE"
"474","Montenegro","female","middle",32,"EUROPE"
"475","Montenegro","female","old",8,"EUROPE"
"476","Montenegro","female","very old",5,"EUROPE"
"477","OtherEurope","male","very young",27,NA
"478","OtherEurope","male","young",49,NA
"479","OtherEurope","male","middle",55,NA
"480","OtherEurope","male","old",48,NA
"481","OtherEurope","male","very old",34,NA
"482","OtherEurope","female","very young",20,NA
"483","OtherEurope","female","young",78,NA
"484","OtherEurope","female","middle",68,NA
"485","OtherEurope","female","old",84,NA
"486","OtherEurope","female","very old",54,NA
"487","Afghanistan","male","very young",14,"ASIA"
"488","Afghanistan","male","young",80,"ASIA"
"489","Afghanistan","male","middle",104,"ASIA"
"490","Afghanistan","male","old",45,"ASIA"
"491","Afghanistan","male","very old",8,"ASIA"
"492","Afghanistan","female","very young",23,"ASIA"
"493","Afghanistan","female","young",86,"ASIA"
"494","Afghanistan","female","middle",115,"ASIA"
"495","Afghanistan","female","old",48,"ASIA"
"496","Afghanistan","female","very old",12,"ASIA"
"497","Bangladesh","male","very young",102,"ASIA"
"498","Bangladesh","male","young",300,"ASIA"
"499","Bangladesh","male","middle",380,"ASIA"
"500","Bangladesh","male","old",122,"ASIA"
"501","Bangladesh","male","very old",14,"ASIA"
"502","Bangladesh","female","very young",97,"ASIA"
"503","Bangladesh","female","young",343,"ASIA"
"504","Bangladesh","female","middle",316,"ASIA"
"505","Bangladesh","female","old",97,"ASIA"
"506","Bangladesh","female","very old",11,"ASIA"
"507","Bhutan","male","very young",7,"ASIA"
"508","Bhutan","male","young",93,"ASIA"
"509","Bhutan","male","middle",58,"ASIA"
"510","Bhutan","male","old",20,"ASIA"
"511","Bhutan","male","very old",3,"ASIA"
"512","Bhutan","female","very young",5,"ASIA"
"513","Bhutan","female","young",95,"ASIA"
"514","Bhutan","female","middle",52,"ASIA"
"515","Bhutan","female","old",20,"ASIA"
"516","Bhutan","female","very old",1,"ASIA"
"517","Myanmar","male","very young",93,"ASIA"
"518","Myanmar","male","young",168,"ASIA"
"519","Myanmar","male","middle",159,"ASIA"
"520","Myanmar","male","old",76,"ASIA"
"521","Myanmar","male","very old",19,"ASIA"
"522","Myanmar","female","very young",63,"ASIA"
"523","Myanmar","female","young",158,"ASIA"
"524","Myanmar","female","middle",145,"ASIA"
"525","Myanmar","female","old",77,"ASIA"
"526","Myanmar","female","very old",23,"ASIA"
"527","Cambodia","male","very young",42,"ASIA"
"528","Cambodia","male","young",110,"ASIA"
"529","Cambodia","male","middle",281,"ASIA"
"530","Cambodia","male","old",179,"ASIA"
"531","Cambodia","male","very old",26,"ASIA"
"532","Cambodia","female","very young",43,"ASIA"
"533","Cambodia","female","young",194,"ASIA"
"534","Cambodia","female","middle",361,"ASIA"
"535","Cambodia","female","old",173,"ASIA"
"536","Cambodia","female","very old",46,"ASIA"
"537","China","male","very young",666,"ASIA"
"538","China","male","young",2457,"ASIA"
"539","China","male","middle",2500,"ASIA"
"540","China","male","old",1674,"ASIA"
"541","China","male","very old",565,"ASIA"
"542","China","female","very young",1389,"ASIA"
"543","China","female","young",2641,"ASIA"
"544","China","female","middle",3247,"ASIA"
"545","China","female","old",1904,"ASIA"
"546","China","female","very old",719,"ASIA"
"547","Cyprus","male","very young",3,"EUROPE"
"548","Cyprus","male","young",3,"EUROPE"
"549","Cyprus","male","middle",26,"EUROPE"
"550","Cyprus","male","old",11,"EUROPE"
"551","Cyprus","male","very old",10,"EUROPE"
"552","Cyprus","female","very young",2,"EUROPE"
"553","Cyprus","female","young",13,"EUROPE"
"554","Cyprus","female","middle",17,"EUROPE"
"555","Cyprus","female","old",15,"EUROPE"
"556","Cyprus","female","very old",6,"EUROPE"
"557","HongKong","male","very young",73,"ASIA"
"558","HongKong","male","young",282,"ASIA"
"559","HongKong","male","middle",529,"ASIA"
"560","HongKong","male","old",259,"ASIA"
"561","HongKong","male","very old",24,"ASIA"
"562","HongKong","female","very young",62,"ASIA"
"563","HongKong","female","young",282,"ASIA"
"564","HongKong","female","middle",632,"ASIA"
"565","HongKong","female","old",286,"ASIA"
"566","HongKong","female","very old",29,"ASIA"
"567","India","male","very young",674,"ASIA"
"568","India","male","young",3753,"ASIA"
"569","India","male","middle",3144,"ASIA"
"570","India","male","old",1652,"ASIA"
"571","India","male","very old",241,"ASIA"
"572","India","female","very young",680,"ASIA"
"573","India","female","young",3717,"ASIA"
"574","India","female","middle",2677,"ASIA"
"575","India","female","old",1452,"ASIA"
"576","India","female","very old",233,"ASIA"
"577","Indonesia","male","very young",30,"ASIA"
"578","Indonesia","male","young",126,"ASIA"
"579","Indonesia","male","middle",132,"ASIA"
"580","Indonesia","male","old",95,"ASIA"
"581","Indonesia","male","very old",29,"ASIA"
"582","Indonesia","female","very young",48,"ASIA"
"583","Indonesia","female","young",163,"ASIA"
"584","Indonesia","female","middle",164,"ASIA"
"585","Indonesia","female","old",122,"ASIA"
"586","Indonesia","female","very old",34,"ASIA"
"587","Iran","male","very young",58,"ASIA"
"588","Iran","male","young",346,"ASIA"
"589","Iran","male","middle",636,"ASIA"
"590","Iran","male","old",558,"ASIA"
"591","Iran","male","very old",152,"ASIA"
"592","Iran","female","very young",54,"ASIA"
"593","Iran","female","young",381,"ASIA"
"594","Iran","female","middle",592,"ASIA"
"595","Iran","female","old",445,"ASIA"
"596","Iran","female","very old",136,"ASIA"
"597","Iraq","male","very young",124,"ASIA"
"598","Iraq","male","young",200,"ASIA"
"599","Iraq","male","middle",279,"ASIA"
"600","Iraq","male","old",131,"ASIA"
"601","Iraq","male","very old",26,"ASIA"
"602","Iraq","female","very young",129,"ASIA"
"603","Iraq","female","young",243,"ASIA"
"604","Iraq","female","middle",244,"ASIA"
"605","Iraq","female","old",114,"ASIA"
"606","Iraq","female","very old",45,"ASIA"
"607","Israel","male","very young",108,"ASIA"
"608","Israel","male","young",207,"ASIA"
"609","Israel","male","middle",241,"ASIA"
"610","Israel","male","old",174,"ASIA"
"611","Israel","male","very old",31,"ASIA"
"612","Israel","female","very young",92,"ASIA"
"613","Israel","female","young",191,"ASIA"
"614","Israel","female","middle",193,"ASIA"
"615","Israel","female","old",159,"ASIA"
"616","Israel","female","very old",27,"ASIA"
"617","Japan","male","very young",371,"ASIA"
"618","Japan","male","young",492,"ASIA"
"619","Japan","male","middle",793,"ASIA"
"620","Japan","male","old",412,"ASIA"
"621","Japan","male","very old",49,"ASIA"
"622","Japan","female","very young",365,"ASIA"
"623","Japan","female","young",710,"ASIA"
"624","Japan","female","middle",1155,"ASIA"
"625","Japan","female","old",647,"ASIA"
"626","Japan","female","very old",366,"ASIA"
"627","Jordan","male","very young",40,"ASIA"
"628","Jordan","male","young",87,"ASIA"
"629","Jordan","male","middle",143,"ASIA"
"630","Jordan","male","old",66,"ASIA"
"631","Jordan","male","very old",9,"ASIA"
"632","Jordan","female","very young",40,"ASIA"
"633","Jordan","female","young",57,"ASIA"
"634","Jordan","female","middle",108,"ASIA"
"635","Jordan","female","old",39,"ASIA"
"636","Jordan","female","very old",9,"ASIA"
"637","Korea","male","very young",604,"ASIA"
"638","Korea","male","young",1210,"ASIA"
"639","Korea","male","middle",1578,"ASIA"
"640","Korea","male","old",852,"ASIA"
"641","Korea","male","very old",169,"ASIA"
"642","Korea","female","very young",563,"ASIA"
"643","Korea","female","young",1469,"ASIA"
"644","Korea","female","middle",2284,"ASIA"
"645","Korea","female","old",1311,"ASIA"
"646","Korea","female","very old",291,"ASIA"
"647","Kazakhstan","male","very young",39,"ASIA"
"648","Kazakhstan","male","young",34,"ASIA"
"649","Kazakhstan","male","middle",25,"ASIA"
"650","Kazakhstan","male","old",9,"ASIA"
"651","Kazakhstan","male","very old",2,"ASIA"
"652","Kazakhstan","female","very young",57,"ASIA"
"653","Kazakhstan","female","young",48,"ASIA"
"654","Kazakhstan","female","middle",30,"ASIA"
"655","Kazakhstan","female","old",15,"ASIA"
"656","Kazakhstan","female","very old",2,"ASIA"
"657","Kuwait","male","very young",11,"ASIA"
"658","Kuwait","male","young",52,"ASIA"
"659","Kuwait","male","middle",57,"ASIA"
"660","Kuwait","male","old",4,"ASIA"
"661","Kuwait","female","very young",12,"ASIA"
"662","Kuwait","female","young",46,"ASIA"
"663","Kuwait","female","middle",37,"ASIA"
"664","Kuwait","female","old",1,"ASIA"
"665","Laos","male","very young",20,"ASIA"
"666","Laos","male","young",163,"ASIA"
"667","Laos","male","middle",408,"ASIA"
"668","Laos","male","old",158,"ASIA"
"669","Laos","male","very old",25,"ASIA"
"670","Laos","female","very young",26,"ASIA"
"671","Laos","female","young",208,"ASIA"
"672","Laos","female","middle",390,"ASIA"
"673","Laos","female","old",145,"ASIA"
"674","Laos","female","very old",43,"ASIA"
"675","Lebanon","male","very young",41,"ASIA"
"676","Lebanon","male","young",121,"ASIA"
"677","Lebanon","male","middle",332,"ASIA"
"678","Lebanon","male","old",155,"ASIA"
"679","Lebanon","male","very old",34,"ASIA"
"680","Lebanon","female","very young",28,"ASIA"
"681","Lebanon","female","young",137,"ASIA"
"682","Lebanon","female","middle",232,"ASIA"
"683","Lebanon","female","old",113,"ASIA"
"684","Lebanon","female","very old",37,"ASIA"
"685","Malaysia","male","very young",41,"ASIA"
"686","Malaysia","male","young",107,"ASIA"
"687","Malaysia","male","middle",149,"ASIA"
"688","Malaysia","male","old",43,"ASIA"
"689","Malaysia","male","very old",5,"ASIA"
"690","Malaysia","female","very young",30,"ASIA"
"691","Malaysia","female","young",115,"ASIA"
"692","Malaysia","female","middle",154,"ASIA"
"693","Malaysia","female","old",60,"ASIA"
"694","Malaysia","female","very old",3,"ASIA"
"695","Nepal","male","very young",115,"ASIA"
"696","Nepal","male","young",163,"ASIA"
"697","Nepal","male","middle",92,"ASIA"
"698","Nepal","male","old",13,"ASIA"
"699","Nepal","female","very young",137,"ASIA"
"700","Nepal","female","young",157,"ASIA"
"701","Nepal","female","middle",67,"ASIA"
"702","Nepal","female","old",14,"ASIA"
"703","Nepal","female","very old",1,"ASIA"
"704","Pakistan","male","very young",227,"ASIA"
"705","Pakistan","male","young",469,"ASIA"
"706","Pakistan","male","middle",635,"ASIA"
"707","Pakistan","male","old",294,"ASIA"
"708","Pakistan","male","very old",21,"ASIA"
"709","Pakistan","female","very young",177,"ASIA"
"710","Pakistan","female","young",525,"ASIA"
"711","Pakistan","female","middle",520,"ASIA"
"712","Pakistan","female","old",172,"ASIA"
"713","Pakistan","female","very old",18,"ASIA"
"714","Philippines","male","very young",724,"ASIA"
"715","Philippines","male","young",1836,"ASIA"
"716","Philippines","male","middle",2945,"ASIA"
"717","Philippines","male","old",2065,"ASIA"
"718","Philippines","male","very old",377,"ASIA"
"719","Philippines","female","very young",756,"ASIA"
"720","Philippines","female","young",2452,"ASIA"
"721","Philippines","female","middle",4570,"ASIA"
"722","Philippines","female","old",3224,"ASIA"
"723","Philippines","female","very old",661,"ASIA"
"724","SaudiArabia","male","very young",102,"ASIA"
"725","SaudiArabia","male","young",289,"ASIA"
"726","SaudiArabia","male","middle",26,"ASIA"
"727","SaudiArabia","male","old",6,"ASIA"
"728","SaudiArabia","female","very young",56,"ASIA"
"729","SaudiArabia","female","young",154,"ASIA"
"730","SaudiArabia","female","middle",21,"ASIA"
"731","SaudiArabia","female","old",5,"ASIA"
"732","Singapore","male","very young",51,"ASIA"
"733","Singapore","male","young",55,"ASIA"
"734","Singapore","male","middle",43,"ASIA"
"735","Singapore","male","old",19,"ASIA"
"736","Singapore","male","very old",4,"ASIA"
"737","Singapore","female","very young",36,"ASIA"
"738","Singapore","female","young",60,"ASIA"
"739","Singapore","female","middle",80,"ASIA"
"740","Singapore","female","old",34,"ASIA"
"741","Singapore","female","very old",5,"ASIA"
"742","SriLanka","male","very young",18,"ASIA"
"743","SriLanka","male","young",86,"ASIA"
"744","SriLanka","male","middle",101,"ASIA"
"745","SriLanka","male","old",47,"ASIA"
"746","SriLanka","male","very old",4,"ASIA"
"747","SriLanka","female","very young",16,"ASIA"
"748","SriLanka","female","young",75,"ASIA"
"749","SriLanka","female","middle",110,"ASIA"
"750","SriLanka","female","old",42,"ASIA"
"751","SriLanka","female","very old",9,"ASIA"
"752","Syria","male","very young",25,"ASIA"
"753","Syria","male","young",83,"ASIA"
"754","Syria","male","middle",151,"ASIA"
"755","Syria","male","old",83,"ASIA"
"756","Syria","male","very old",25,"ASIA"
"757","Syria","female","very young",26,"ASIA"
"758","Syria","female","young",80,"ASIA"
"759","Syria","female","middle",123,"ASIA"
"760","Syria","female","old",67,"ASIA"
"761","Syria","female","very old",35,"ASIA"
"762","Taiwan","male","very young",99,"ASIA"
"763","Taiwan","male","young",434,"ASIA"
"764","Taiwan","male","middle",699,"ASIA"
"765","Taiwan","male","old",446,"ASIA"
"766","Taiwan","male","very old",40,"ASIA"
"767","Taiwan","female","very young",99,"ASIA"
"768","Taiwan","female","young",534,"ASIA"
"769","Taiwan","female","middle",980,"ASIA"
"770","Taiwan","female","old",634,"ASIA"
"771","Taiwan","female","very old",63,"ASIA"
"772","Thailand","male","very young",135,"ASIA"
"773","Thailand","male","young",333,"ASIA"
"774","Thailand","male","middle",219,"ASIA"
"775","Thailand","male","old",135,"ASIA"
"776","Thailand","male","very old",5,"ASIA"
"777","Thailand","female","very young",171,"ASIA"
"778","Thailand","female","young",503,"ASIA"
"779","Thailand","female","middle",385,"ASIA"
"780","Thailand","female","old",310,"ASIA"
"781","Thailand","female","very old",22,"ASIA"
"782","Turkey","male","very young",55,"ASIA"
"783","Turkey","male","young",234,"ASIA"
"784","Turkey","male","middle",218,"ASIA"
"785","Turkey","male","old",99,"ASIA"
"786","Turkey","male","very old",32,"ASIA"
"787","Turkey","female","very young",48,"ASIA"
"788","Turkey","female","young",167,"ASIA"
"789","Turkey","female","middle",206,"ASIA"
"790","Turkey","female","old",83,"ASIA"
"791","Turkey","female","very old",31,"ASIA"
"792","UnitedArabEmirates","male","very young",26,NA
"793","UnitedArabEmirates","male","young",45,NA
"794","UnitedArabEmirates","male","middle",4,NA
"795","UnitedArabEmirates","female","very young",28,NA
"796","UnitedArabEmirates","female","young",34,NA
"797","UnitedArabEmirates","female","middle",1,NA
"798","Uzbekistan","male","very young",43,"ASIA"
"799","Uzbekistan","male","young",95,"ASIA"
"800","Uzbekistan","male","middle",55,"ASIA"
"801","Uzbekistan","male","old",32,"ASIA"
"802","Uzbekistan","male","very old",2,"ASIA"
"803","Uzbekistan","female","very young",30,"ASIA"
"804","Uzbekistan","female","young",103,"ASIA"
"805","Uzbekistan","female","middle",65,"ASIA"
"806","Uzbekistan","female","old",38,"ASIA"
"807","Uzbekistan","female","very old",8,"ASIA"
"808","Vietnam","male","very young",428,"ASIA"
"809","Vietnam","male","young",1164,"ASIA"
"810","Vietnam","male","middle",2798,"ASIA"
"811","Vietnam","male","old",1284,"ASIA"
"812","Vietnam","male","very old",229,"ASIA"
"813","Vietnam","female","very young",404,"ASIA"
"814","Vietnam","female","young",1580,"ASIA"
"815","Vietnam","female","middle",2957,"ASIA"
"816","Vietnam","female","old",1528,"ASIA"
"817","Vietnam","female","very old",297,"ASIA"
"818","Yemen","male","very young",51,"ASIA"
"819","Yemen","male","young",75,"ASIA"
"820","Yemen","male","middle",59,"ASIA"
"821","Yemen","male","old",27,"ASIA"
"822","Yemen","male","very old",4,"ASIA"
"823","Yemen","female","very young",61,"ASIA"
"824","Yemen","female","young",67,"ASIA"
"825","Yemen","female","middle",26,"ASIA"
"826","Yemen","female","old",12,"ASIA"
"827","Yemen","female","very old",1,"ASIA"
"828","Asia","male","very young",10,NA
"829","Asia","male","young",54,NA
"830","Asia","male","middle",68,NA
"831","Asia","male","old",66,NA
"832","Asia","male","very old",17,NA
"833","Asia","female","very young",13,NA
"834","Asia","female","young",43,NA
"835","Asia","female","middle",59,NA
"836","Asia","female","old",46,NA
"837","Asia","female","very old",13,NA
"838","SouthCentralAsia","male","very young",14,NA
"839","SouthCentralAsia","male","young",29,NA
"840","SouthCentralAsia","male","middle",13,NA
"841","SouthCentralAsia","male","old",7,NA
"842","SouthCentralAsia","female","very young",10,NA
"843","SouthCentralAsia","female","young",37,NA
"844","SouthCentralAsia","female","middle",19,NA
"845","SouthCentralAsia","female","old",10,NA
"846","OtherAsia","male","very young",26,NA
"847","OtherAsia","male","young",47,NA
"848","OtherAsia","male","middle",20,NA
"849","OtherAsia","male","old",6,NA
"850","OtherAsia","female","very young",28,NA
"851","OtherAsia","female","young",46,NA
"852","OtherAsia","female","middle",23,NA
"853","OtherAsia","female","old",8,NA
"854","Bermuda","male","very young",13,NA
"855","Bermuda","male","young",7,NA
"856","Bermuda","male","middle",45,NA
"857","Bermuda","male","old",17,NA
"858","Bermuda","male","very old",2,NA
"859","Bermuda","female","very young",7,NA
"860","Bermuda","female","young",17,NA
"861","Bermuda","female","middle",31,NA
"862","Bermuda","female","old",19,NA
"863","Bermuda","female","very old",5,NA
"864","Canada","male","very young",436,"AMERICA"
"865","Canada","male","young",937,"AMERICA"
"866","Canada","male","middle",1635,"AMERICA"
"867","Canada","male","old",1431,"AMERICA"
"868","Canada","male","very old",447,"AMERICA"
"869","Canada","female","very young",440,"AMERICA"
"870","Canada","female","young",998,"AMERICA"
"871","Canada","female","middle",1790,"AMERICA"
"872","Canada","female","old",1737,"AMERICA"
"873","Canada","female","very old",829,"AMERICA"
"874","Mexico","male","very young",4264,"AMERICA"
"875","Mexico","male","young",17558,"AMERICA"
"876","Mexico","male","middle",18688,"AMERICA"
"877","Mexico","male","old",6311,"AMERICA"
"878","Mexico","male","very old",945,"AMERICA"
"879","Mexico","female","very young",3862,"AMERICA"
"880","Mexico","female","young",15435,"AMERICA"
"881","Mexico","female","middle",17582,"AMERICA"
"882","Mexico","female","old",6733,"AMERICA"
"883","Mexico","female","very old",1522,"AMERICA"
"884","Belize","male","very young",20,"AMERICA"
"885","Belize","male","young",45,"AMERICA"
"886","Belize","male","middle",82,"AMERICA"
"887","Belize","male","old",51,"AMERICA"
"888","Belize","male","very old",10,"AMERICA"
"889","Belize","female","very young",15,"AMERICA"
"890","Belize","female","young",63,"AMERICA"
"891","Belize","female","middle",116,"AMERICA"
"892","Belize","female","old",78,"AMERICA"
"893","Belize","female","very old",23,"AMERICA"
"894","CostaRica","male","very young",26,"AMERICA"
"895","CostaRica","male","young",116,"AMERICA"
"896","CostaRica","male","middle",125,"AMERICA"
"897","CostaRica","male","old",56,"AMERICA"
"898","CostaRica","male","very old",15,"AMERICA"
"899","CostaRica","female","very young",28,"AMERICA"
"900","CostaRica","female","young",106,"AMERICA"
"901","CostaRica","female","middle",147,"AMERICA"
"902","CostaRica","female","old",106,"AMERICA"
"903","CostaRica","female","very old",26,"AMERICA"
"904","ElSalvador","male","very young",383,"AMERICA"
"905","ElSalvador","male","young",1850,"AMERICA"
"906","ElSalvador","male","middle",1946,"AMERICA"
"907","ElSalvador","male","old",528,"AMERICA"
"908","ElSalvador","male","very old",51,"AMERICA"
"909","ElSalvador","female","very young",365,"AMERICA"
"910","ElSalvador","female","young",1685,"AMERICA"
"911","ElSalvador","female","middle",1895,"AMERICA"
"912","ElSalvador","female","old",736,"AMERICA"
"913","ElSalvador","female","very old",168,"AMERICA"
"914","Guatemala","male","very young",441,"AMERICA"
"915","Guatemala","male","young",1844,"AMERICA"
"916","Guatemala","male","middle",1200,"AMERICA"
"917","Guatemala","male","old",279,"AMERICA"
"918","Guatemala","male","very old",27,"AMERICA"
"919","Guatemala","female","very young",346,"AMERICA"
"920","Guatemala","female","young",1101,"AMERICA"
"921","Guatemala","female","middle",1011,"AMERICA"
"922","Guatemala","female","old",353,"AMERICA"
"923","Guatemala","female","very old",69,"AMERICA"
"924","Honduras","male","very young",224,"AMERICA"
"925","Honduras","male","young",960,"AMERICA"
"926","Honduras","male","middle",551,"AMERICA"
"927","Honduras","male","old",153,"AMERICA"
"928","Honduras","male","very old",20,"AMERICA"
"929","Honduras","female","very young",177,"AMERICA"
"930","Honduras","female","young",768,"AMERICA"
"931","Honduras","female","middle",679,"AMERICA"
"932","Honduras","female","old",233,"AMERICA"
"933","Honduras","female","very old",43,"AMERICA"
"934","Nicaragua","male","very young",55,"AMERICA"
"935","Nicaragua","male","young",292,"AMERICA"
"936","Nicaragua","male","middle",374,"AMERICA"
"937","Nicaragua","male","old",156,"AMERICA"
"938","Nicaragua","male","very old",30,"AMERICA"
"939","Nicaragua","female","very young",40,"AMERICA"
"940","Nicaragua","female","young",296,"AMERICA"
"941","Nicaragua","female","middle",484,"AMERICA"
"942","Nicaragua","female","old",261,"AMERICA"
"943","Nicaragua","female","very old",76,"AMERICA"
"944","Panama","male","very young",32,"AMERICA"
"945","Panama","male","young",128,"AMERICA"
"946","Panama","male","middle",199,"AMERICA"
"947","Panama","male","old",156,"AMERICA"
"948","Panama","male","very old",30,"AMERICA"
"949","Panama","female","very young",41,"AMERICA"
"950","Panama","female","young",155,"AMERICA"
"951","Panama","female","middle",320,"AMERICA"
"952","Panama","female","old",233,"AMERICA"
"953","Panama","female","very old",48,"AMERICA"
"954","Antigua","male","very young",1,"AMERICA"
"955","Antigua","male","young",10,"AMERICA"
"956","Antigua","male","middle",25,"AMERICA"
"957","Antigua","male","old",24,"AMERICA"
"958","Antigua","male","very old",4,"AMERICA"
"959","Antigua","female","very young",1,"AMERICA"
"960","Antigua","female","young",17,"AMERICA"
"961","Antigua","female","middle",40,"AMERICA"
"962","Antigua","female","old",38,"AMERICA"
"963","Antigua","female","very old",7,"AMERICA"
"964","Bahamas","male","very young",30,"AMERICA"
"965","Bahamas","male","young",58,"AMERICA"
"966","Bahamas","male","middle",60,"AMERICA"
"967","Bahamas","male","old",21,"AMERICA"
"968","Bahamas","male","very old",9,"AMERICA"
"969","Bahamas","female","very young",15,"AMERICA"
"970","Bahamas","female","young",48,"AMERICA"
"971","Bahamas","female","middle",70,"AMERICA"
"972","Bahamas","female","old",32,"AMERICA"
"973","Bahamas","female","very old",14,"AMERICA"
"974","Barbados","male","very young",7,"AMERICA"
"975","Barbados","male","young",22,"AMERICA"
"976","Barbados","male","middle",76,"AMERICA"
"977","Barbados","male","old",91,"AMERICA"
"978","Barbados","male","very old",15,"AMERICA"
"979","Barbados","female","very young",7,"AMERICA"
"980","Barbados","female","young",32,"AMERICA"
"981","Barbados","female","middle",122,"AMERICA"
"982","Barbados","female","old",116,"AMERICA"
"983","Barbados","female","very old",27,"AMERICA"
"984","Cuba","male","very young",255,"AMERICA"
"985","Cuba","male","young",769,"AMERICA"
"986","Cuba","male","middle",1846,"AMERICA"
"987","Cuba","male","old",1428,"AMERICA"
"988","Cuba","male","very old",544,"AMERICA"
"989","Cuba","female","very young",253,"AMERICA"
"990","Cuba","female","young",738,"AMERICA"
"991","Cuba","female","middle",1722,"AMERICA"
"992","Cuba","female","old",1638,"AMERICA"
"993","Cuba","female","very old",868,"AMERICA"
"994","Dominica","male","very young",5,"AMERICA"
"995","Dominica","male","young",30,"AMERICA"
"996","Dominica","male","middle",38,"AMERICA"
"997","Dominica","male","old",24,"AMERICA"
"998","Dominica","male","very old",3,"AMERICA"
"999","Dominica","female","very young",5,"AMERICA"
"1000","Dominica","female","young",34,"AMERICA"
"1001","Dominica","female","middle",52,"AMERICA"
"1002","Dominica","female","old",30,"AMERICA"
"1003","Dominica","female","very old",5,"AMERICA"
"1004","DominicanRepublic","male","very young",399,"AMERICA"
"1005","DominicanRepublic","male","young",998,"AMERICA"
"1006","DominicanRepublic","male","middle",1040,"AMERICA"
"1007","DominicanRepublic","male","old",518,"AMERICA"
"1008","DominicanRepublic","male","very old",84,"AMERICA"
"1009","DominicanRepublic","female","very young",421,"AMERICA"
"1010","DominicanRepublic","female","young",1224,"AMERICA"
"1011","DominicanRepublic","female","middle",1592,"AMERICA"
"1012","DominicanRepublic","female","old",784,"AMERICA"
"1013","DominicanRepublic","female","very old",193,"AMERICA"
"1014","Grenada","male","very young",8,"AMERICA"
"1015","Grenada","male","young",27,"AMERICA"
"1016","Grenada","male","middle",46,"AMERICA"
"1017","Grenada","male","old",28,"AMERICA"
"1018","Grenada","male","very old",8,"AMERICA"
"1019","Grenada","female","very young",11,"AMERICA"
"1020","Grenada","female","young",37,"AMERICA"
"1021","Grenada","female","middle",79,"AMERICA"
"1022","Grenada","female","old",48,"AMERICA"
"1023","Grenada","female","very old",13,"AMERICA"
"1024","Haiti","male","very young",218,"AMERICA"
"1025","Haiti","male","young",607,"AMERICA"
"1026","Haiti","male","middle",809,"AMERICA"
"1027","Haiti","male","old",468,"AMERICA"
"1028","Haiti","male","very old",83,"AMERICA"
"1029","Haiti","female","very young",247,"AMERICA"
"1030","Haiti","female","young",634,"AMERICA"
"1031","Haiti","female","middle",927,"AMERICA"
"1032","Haiti","female","old",603,"AMERICA"
"1033","Haiti","female","very old",156,"AMERICA"
"1034","Jamaica","male","very young",229,"AMERICA"
"1035","Jamaica","male","young",632,"AMERICA"
"1036","Jamaica","male","middle",953,"AMERICA"
"1037","Jamaica","male","old",613,"AMERICA"
"1038","Jamaica","male","very old",123,"AMERICA"
"1039","Jamaica","female","very young",231,"AMERICA"
"1040","Jamaica","female","young",782,"AMERICA"
"1041","Jamaica","female","middle",1371,"AMERICA"
"1042","Jamaica","female","old",905,"AMERICA"
"1043","Jamaica","female","very old",237,"AMERICA"
"1044","St.Lucia","male","very young",8,NA
"1045","St.Lucia","male","young",20,NA
"1046","St.Lucia","male","middle",23,NA
"1047","St.Lucia","male","old",12,NA
"1048","St.Lucia","male","very old",5,NA
"1049","St.Lucia","female","very young",5,NA
"1050","St.Lucia","female","young",41,NA
"1051","St.Lucia","female","middle",40,NA
"1052","St.Lucia","female","old",18,NA
"1053","St.Lucia","female","very old",2,NA
"1054","St.Vincent","male","very young",6,NA
"1055","St.Vincent","male","young",23,NA
"1056","St.Vincent","male","middle",26,NA
"1057","St.Vincent","male","old",25,NA
"1058","St.Vincent","male","very old",2,NA
"1059","St.Vincent","female","very young",9,NA
"1060","St.Vincent","female","young",28,NA
"1061","St.Vincent","female","middle",52,NA
"1062","St.Vincent","female","old",28,NA
"1063","St.Vincent","female","very old",11,NA
"1064","Trinidad","male","very young",35,"AMERICA"
"1065","Trinidad","male","young",227,"AMERICA"
"1066","Trinidad","male","middle",367,"AMERICA"
"1067","Trinidad","male","old",236,"AMERICA"
"1068","Trinidad","male","very old",51,"AMERICA"
"1069","Trinidad","female","very young",51,"AMERICA"
"1070","Trinidad","female","young",317,"AMERICA"
"1071","Trinidad","female","middle",527,"AMERICA"
"1072","Trinidad","female","old",341,"AMERICA"
"1073","Trinidad","female","very old",77,"AMERICA"
"1074","WestIndies","male","very young",4,NA
"1075","WestIndies","male","young",17,NA
"1076","WestIndies","male","middle",51,NA
"1077","WestIndies","male","old",39,NA
"1078","WestIndies","male","very old",16,NA
"1079","WestIndies","female","very young",5,NA
"1080","WestIndies","female","young",19,NA
"1081","WestIndies","female","middle",63,NA
"1082","WestIndies","female","old",55,NA
"1083","WestIndies","female","very old",20,NA
"1084","Caribbean","male","very young",14,NA
"1085","Caribbean","male","young",32,NA
"1086","Caribbean","male","middle",53,NA
"1087","Caribbean","male","old",48,NA
"1088","Caribbean","male","very old",8,NA
"1089","Caribbean","female","very young",12,NA
"1090","Caribbean","female","young",31,NA
"1091","Caribbean","female","middle",75,NA
"1092","Caribbean","female","old",56,NA
"1093","Caribbean","female","very old",14,NA
"1094","Argentina","male","very young",72,"AMERICA"
"1095","Argentina","male","young",206,"AMERICA"
"1096","Argentina","male","middle",298,"AMERICA"
"1097","Argentina","male","old",177,"AMERICA"
"1098","Argentina","male","very old",53,"AMERICA"
"1099","Argentina","female","very young",58,"AMERICA"
"1100","Argentina","female","young",199,"AMERICA"
"1101","Argentina","female","middle",301,"AMERICA"
"1102","Argentina","female","old",180,"AMERICA"
"1103","Argentina","female","very old",62,"AMERICA"
"1104","Bolivia","male","very young",34,"AMERICA"
"1105","Bolivia","male","young",80,"AMERICA"
"1106","Bolivia","male","middle",99,"AMERICA"
"1107","Bolivia","male","old",61,"AMERICA"
"1108","Bolivia","male","very old",14,"AMERICA"
"1109","Bolivia","female","very young",28,"AMERICA"
"1110","Bolivia","female","young",122,"AMERICA"
"1111","Bolivia","female","middle",123,"AMERICA"
"1112","Bolivia","female","old",69,"AMERICA"
"1113","Bolivia","female","very old",15,"AMERICA"
"1114","Brazil","male","very young",140,"AMERICA"
"1115","Brazil","male","young",544,"AMERICA"
"1116","Brazil","male","middle",521,"AMERICA"
"1117","Brazil","male","old",143,"AMERICA"
"1118","Brazil","male","very old",22,"AMERICA"
"1119","Brazil","female","very young",144,"AMERICA"
"1120","Brazil","female","young",694,"AMERICA"
"1121","Brazil","female","middle",685,"AMERICA"
"1122","Brazil","female","old",214,"AMERICA"
"1123","Brazil","female","very old",38,"AMERICA"
"1124","Chile","male","very young",38,"AMERICA"
"1125","Chile","male","young",104,"AMERICA"
"1126","Chile","male","middle",158,"AMERICA"
"1127","Chile","male","old",105,"AMERICA"
"1128","Chile","male","very old",17,"AMERICA"
"1129","Chile","female","very young",31,"AMERICA"
"1130","Chile","female","young",104,"AMERICA"
"1131","Chile","female","middle",170,"AMERICA"
"1132","Chile","female","old",132,"AMERICA"
"1133","Chile","female","very old",30,"AMERICA"
"1134","Colombia","male","very young",253,"AMERICA"
"1135","Colombia","male","young",734,"AMERICA"
"1136","Colombia","male","middle",974,"AMERICA"
"1137","Colombia","male","old",474,"AMERICA"
"1138","Colombia","male","very old",67,"AMERICA"
"1139","Colombia","female","very young",249,"AMERICA"
"1140","Colombia","female","young",913,"AMERICA"
"1141","Colombia","female","middle",1386,"AMERICA"
"1142","Colombia","female","old",692,"AMERICA"
"1143","Colombia","female","very old",158,"AMERICA"
"1144","Ecuador","male","very young",158,"AMERICA"
"1145","Ecuador","male","young",532,"AMERICA"
"1146","Ecuador","male","middle",618,"AMERICA"
"1147","Ecuador","male","old",280,"AMERICA"
"1148","Ecuador","male","very old",52,"AMERICA"
"1149","Ecuador","female","very young",132,"AMERICA"
"1150","Ecuador","female","young",524,"AMERICA"
"1151","Ecuador","female","middle",608,"AMERICA"
"1152","Ecuador","female","old",349,"AMERICA"
"1153","Ecuador","female","very old",78,"AMERICA"
"1154","Guyana","male","very young",74,"AMERICA"
"1155","Guyana","male","young",270,"AMERICA"
"1156","Guyana","male","middle",457,"AMERICA"
"1157","Guyana","male","old",300,"AMERICA"
"1158","Guyana","male","very old",46,"AMERICA"
"1159","Guyana","female","very young",73,"AMERICA"
"1160","Guyana","female","young",285,"AMERICA"
"1161","Guyana","female","middle",569,"AMERICA"
"1162","Guyana","female","old",353,"AMERICA"
"1163","Guyana","female","very old",84,"AMERICA"
"1164","Paraguay","male","very young",9,"AMERICA"
"1165","Paraguay","male","young",39,"AMERICA"
"1166","Paraguay","male","middle",19,"AMERICA"
"1167","Paraguay","male","old",13,"AMERICA"
"1168","Paraguay","male","very old",1,"AMERICA"
"1169","Paraguay","female","very young",12,"AMERICA"
"1170","Paraguay","female","young",43,"AMERICA"
"1171","Paraguay","female","middle",27,"AMERICA"
"1172","Paraguay","female","old",11,"AMERICA"
"1173","Paraguay","female","very old",3,"AMERICA"
"1174","Peru","male","very young",131,"AMERICA"
"1175","Peru","male","young",431,"AMERICA"
"1176","Peru","male","middle",684,"AMERICA"
"1177","Peru","male","old",350,"AMERICA"
"1178","Peru","male","very old",77,"AMERICA"
"1179","Peru","female","very young",150,"AMERICA"
"1180","Peru","female","young",512,"AMERICA"
"1181","Peru","female","middle",850,"AMERICA"
"1182","Peru","female","old",436,"AMERICA"
"1183","Peru","female","very old",119,"AMERICA"
"1184","Uruguay","male","very young",20,"AMERICA"
"1185","Uruguay","male","young",53,"AMERICA"
"1186","Uruguay","male","middle",82,"AMERICA"
"1187","Uruguay","male","old",41,"AMERICA"
"1188","Uruguay","male","very old",3,"AMERICA"
"1189","Uruguay","female","very young",20,"AMERICA"
"1190","Uruguay","female","young",58,"AMERICA"
"1191","Uruguay","female","middle",88,"AMERICA"
"1192","Uruguay","female","old",41,"AMERICA"
"1193","Uruguay","female","very old",11,"AMERICA"
"1194","Venezuela","male","very young",133,"AMERICA"
"1195","Venezuela","male","young",290,"AMERICA"
"1196","Venezuela","male","middle",305,"AMERICA"
"1197","Venezuela","male","old",97,"AMERICA"
"1198","Venezuela","male","very old",11,"AMERICA"
"1199","Venezuela","female","very young",106,"AMERICA"
"1200","Venezuela","female","young",316,"AMERICA"
"1201","Venezuela","female","middle",392,"AMERICA"
"1202","Venezuela","female","old",125,"AMERICA"
"1203","Venezuela","female","very old",21,"AMERICA"
"1204","SouthAmerica","male","young",8,NA
"1205","SouthAmerica","male","middle",23,NA
"1206","SouthAmerica","male","old",16,NA
"1207","SouthAmerica","male","very old",7,NA
"1208","SouthAmerica","female","very young",2,NA
"1209","SouthAmerica","female","young",13,NA
"1210","SouthAmerica","female","middle",21,NA
"1211","SouthAmerica","female","old",23,NA
"1212","SouthAmerica","female","very old",5,NA
"1213","Americas","male","very young",5,NA
"1214","Americas","male","young",23,NA
"1215","Americas","male","middle",31,NA
"1216","Americas","male","old",4,NA
"1217","Americas","male","very old",2,NA
"1218","Americas","female","very young",6,NA
"1219","Americas","female","young",18,NA
"1220","Americas","female","middle",27,NA
"1221","Americas","female","old",9,NA
"1222","Americas","female","very old",3,NA
"1223","Algeria","male","very young",5,"AFRICA"
"1224","Algeria","male","young",28,"AFRICA"
"1225","Algeria","male","middle",49,"AFRICA"
"1226","Algeria","male","old",21,"AFRICA"
"1227","Algeria","male","very old",1,"AFRICA"
"1228","Algeria","female","very young",2,"AFRICA"
"1229","Algeria","female","young",27,"AFRICA"
"1230","Algeria","female","middle",32,"AFRICA"
"1231","Algeria","female","old",15,"AFRICA"
"1232","Algeria","female","very old",7,"AFRICA"
"1233","Cameroon","male","very young",23,"AFRICA"
"1234","Cameroon","male","young",75,"AFRICA"
"1235","Cameroon","male","middle",67,"AFRICA"
"1236","Cameroon","male","old",10,"AFRICA"
"1237","Cameroon","female","very young",30,"AFRICA"
"1238","Cameroon","female","young",102,"AFRICA"
"1239","Cameroon","female","middle",66,"AFRICA"
"1240","Cameroon","female","old",13,"AFRICA"
"1241","Cameroon","female","very old",1,"AFRICA"
"1242","CapeVerde","male","very young",16,"AFRICA"
"1243","CapeVerde","male","young",31,"AFRICA"
"1244","CapeVerde","male","middle",55,"AFRICA"
"1245","CapeVerde","male","old",29,"AFRICA"
"1246","CapeVerde","male","very old",8,"AFRICA"
"1247","CapeVerde","female","very young",19,"AFRICA"
"1248","CapeVerde","female","young",54,"AFRICA"
"1249","CapeVerde","female","middle",59,"AFRICA"
"1250","CapeVerde","female","old",31,"AFRICA"
"1251","CapeVerde","female","very old",12,"AFRICA"
"1252","Congo","male","very young",18,"AFRICA"
"1253","Congo","male","young",24,"AFRICA"
"1254","Congo","male","middle",18,"AFRICA"
"1255","Congo","male","old",7,"AFRICA"
"1256","Congo","female","very young",13,"AFRICA"
"1257","Congo","female","young",20,"AFRICA"
"1258","Congo","female","middle",11,"AFRICA"
"1259","Congo","female","old",2,"AFRICA"
"1260","Congo","female","very old",2,"AFRICA"
"1261","Egypt","male","very young",107,"AFRICA"
"1262","Egypt","male","young",227,"AFRICA"
"1263","Egypt","male","middle",323,"AFRICA"
"1264","Egypt","male","old",202,"AFRICA"
"1265","Egypt","male","very old",39,"AFRICA"
"1266","Egypt","female","very young",100,"AFRICA"
"1267","Egypt","female","young",218,"AFRICA"
"1268","Egypt","female","middle",224,"AFRICA"
"1269","Egypt","female","old",186,"AFRICA"
"1270","Egypt","female","very old",31,"AFRICA"
"1271","Ethiopia","male","very young",175,"AFRICA"
"1272","Ethiopia","male","young",237,"AFRICA"
"1273","Ethiopia","male","middle",276,"AFRICA"
"1274","Ethiopia","male","old",89,"AFRICA"
"1275","Ethiopia","male","very old",4,"AFRICA"
"1276","Ethiopia","female","very young",146,"AFRICA"
"1277","Ethiopia","female","young",305,"AFRICA"
"1278","Ethiopia","female","middle",250,"AFRICA"
"1279","Ethiopia","female","old",54,"AFRICA"
"1280","Ethiopia","female","very old",4,"AFRICA"
"1281","Eritrea","male","very young",2,"AFRICA"
"1282","Eritrea","male","young",49,"AFRICA"
"1283","Eritrea","male","middle",49,"AFRICA"
"1284","Eritrea","male","old",21,"AFRICA"
"1285","Eritrea","male","very old",3,"AFRICA"
"1286","Eritrea","female","very young",15,"AFRICA"
"1287","Eritrea","female","young",41,"AFRICA"
"1288","Eritrea","female","middle",49,"AFRICA"
"1289","Eritrea","female","old",12,"AFRICA"
"1290","Eritrea","female","very old",3,"AFRICA"
"1291","Gambia","male","very young",4,"AFRICA"
"1292","Gambia","male","young",18,"AFRICA"
"1293","Gambia","male","middle",28,"AFRICA"
"1294","Gambia","male","old",2,"AFRICA"
"1295","Gambia","female","very young",1,"AFRICA"
"1296","Gambia","female","young",10,"AFRICA"
"1297","Gambia","female","middle",10,"AFRICA"
"1298","Gambia","female","old",2,"AFRICA"
"1299","Ghana","male","very young",65,"AFRICA"
"1300","Ghana","male","young",199,"AFRICA"
"1301","Ghana","male","middle",274,"AFRICA"
"1302","Ghana","male","old",89,"AFRICA"
"1303","Ghana","male","very old",4,"AFRICA"
"1304","Ghana","female","very young",62,"AFRICA"
"1305","Ghana","female","young",215,"AFRICA"
"1306","Ghana","female","middle",232,"AFRICA"
"1307","Ghana","female","old",72,"AFRICA"
"1308","Ghana","female","very old",10,"AFRICA"
"1309","Guinea","male","very young",6,"OCEANIA"
"1310","Guinea","male","young",30,"OCEANIA"
"1311","Guinea","male","middle",22,"OCEANIA"
"1312","Guinea","male","old",3,"OCEANIA"
"1313","Guinea","female","very young",8,"OCEANIA"
"1314","Guinea","female","young",24,"OCEANIA"
"1315","Guinea","female","middle",17,"OCEANIA"
"1316","Guinea","female","old",7,"OCEANIA"
"1317","Guinea","female","very old",1,"OCEANIA"
"1318","Kenya","male","very young",100,"AFRICA"
"1319","Kenya","male","young",183,"AFRICA"
"1320","Kenya","male","middle",146,"AFRICA"
"1321","Kenya","male","old",48,"AFRICA"
"1322","Kenya","male","very old",4,"AFRICA"
"1323","Kenya","female","very young",118,"AFRICA"
"1324","Kenya","female","young",177,"AFRICA"
"1325","Kenya","female","middle",152,"AFRICA"
"1326","Kenya","female","old",37,"AFRICA"
"1327","Kenya","female","very old",5,"AFRICA"
"1328","Liberia","male","very young",34,"AFRICA"
"1329","Liberia","male","young",120,"AFRICA"
"1330","Liberia","male","middle",84,"AFRICA"
"1331","Liberia","male","old",36,"AFRICA"
"1332","Liberia","male","very old",1,"AFRICA"
"1333","Liberia","female","very young",42,"AFRICA"
"1334","Liberia","female","young",109,"AFRICA"
"1335","Liberia","female","middle",96,"AFRICA"
"1336","Liberia","female","old",33,"AFRICA"
"1337","Liberia","female","very old",6,"AFRICA"
"1338","Libya","male","very young",5,"AFRICA"
"1339","Libya","male","young",9,"AFRICA"
"1340","Libya","male","middle",39,"AFRICA"
"1341","Libya","male","old",14,"AFRICA"
"1342","Libya","female","very young",7,"AFRICA"
"1343","Libya","female","young",18,"AFRICA"
"1344","Libya","female","middle",21,"AFRICA"
"1345","Libya","female","old",8,"AFRICA"
"1346","Libya","female","very old",2,"AFRICA"
"1347","Morocco","male","very young",20,"AFRICA"
"1348","Morocco","male","young",108,"AFRICA"
"1349","Morocco","male","middle",187,"AFRICA"
"1350","Morocco","male","old",57,"AFRICA"
"1351","Morocco","male","very old",6,"AFRICA"
"1352","Morocco","female","very young",17,"AFRICA"
"1353","Morocco","female","young",94,"AFRICA"
"1354","Morocco","female","middle",115,"AFRICA"
"1355","Morocco","female","old",46,"AFRICA"
"1356","Morocco","female","very old",15,"AFRICA"
"1357","Nigeria","male","very young",120,"AFRICA"
"1358","Nigeria","male","young",314,"AFRICA"
"1359","Nigeria","male","middle",436,"AFRICA"
"1360","Nigeria","male","old",174,"AFRICA"
"1361","Nigeria","male","very old",11,"AFRICA"
"1362","Nigeria","female","very young",115,"AFRICA"
"1363","Nigeria","female","young",316,"AFRICA"
"1364","Nigeria","female","middle",385,"AFRICA"
"1365","Nigeria","female","old",118,"AFRICA"
"1366","Nigeria","female","very old",19,"AFRICA"
"1367","Senegal","male","very young",7,"AFRICA"
"1368","Senegal","male","young",31,"AFRICA"
"1369","Senegal","male","middle",67,"AFRICA"
"1370","Senegal","male","old",6,"AFRICA"
"1371","Senegal","female","very young",11,"AFRICA"
"1372","Senegal","female","young",35,"AFRICA"
"1373","Senegal","female","middle",27,"AFRICA"
"1374","Senegal","female","old",5,"AFRICA"
"1375","SierraLeone","male","very young",21,"AFRICA"
"1376","SierraLeone","male","young",45,"AFRICA"
"1377","SierraLeone","male","middle",51,"AFRICA"
"1378","SierraLeone","male","old",24,"AFRICA"
"1379","SierraLeone","male","very old",2,"AFRICA"
"1380","SierraLeone","female","very young",14,"AFRICA"
"1381","SierraLeone","female","young",52,"AFRICA"
"1382","SierraLeone","female","middle",54,"AFRICA"
"1383","SierraLeone","female","old",22,"AFRICA"
"1384","SierraLeone","female","very old",3,"AFRICA"
"1385","Somalia","male","very young",27,"AFRICA"
"1386","Somalia","male","young",94,"AFRICA"
"1387","Somalia","male","middle",69,"AFRICA"
"1388","Somalia","male","old",17,"AFRICA"
"1389","Somalia","male","very old",3,"AFRICA"
"1390","Somalia","female","very young",25,"AFRICA"
"1391","Somalia","female","young",128,"AFRICA"
"1392","Somalia","female","middle",59,"AFRICA"
"1393","Somalia","female","old",20,"AFRICA"
"1394","Somalia","female","very old",3,"AFRICA"
"1395","SouthAfrica","male","very young",61,"AFRICA"
"1396","SouthAfrica","male","young",162,"AFRICA"
"1397","SouthAfrica","male","middle",187,"AFRICA"
"1398","SouthAfrica","male","old",118,"AFRICA"
"1399","SouthAfrica","male","very old",8,"AFRICA"
"1400","SouthAfrica","female","very young",67,"AFRICA"
"1401","SouthAfrica","female","young",157,"AFRICA"
"1402","SouthAfrica","female","middle",212,"AFRICA"
"1403","SouthAfrica","female","old",115,"AFRICA"
"1404","SouthAfrica","female","very old",15,"AFRICA"
"1405","Sudan","male","very young",33,"AFRICA"
"1406","Sudan","male","young",50,"AFRICA"
"1407","Sudan","male","middle",61,"AFRICA"
"1408","Sudan","male","old",17,"AFRICA"
"1409","Sudan","female","very young",32,"AFRICA"
"1410","Sudan","female","young",43,"AFRICA"
"1411","Sudan","female","middle",43,"AFRICA"
"1412","Sudan","female","old",9,"AFRICA"
"1413","Tanzania","male","very young",20,"AFRICA"
"1414","Tanzania","male","young",23,"AFRICA"
"1415","Tanzania","male","middle",36,"AFRICA"
"1416","Tanzania","male","old",14,"AFRICA"
"1417","Tanzania","male","very old",7,"AFRICA"
"1418","Tanzania","female","very young",21,"AFRICA"
"1419","Tanzania","female","young",19,"AFRICA"
"1420","Tanzania","female","middle",28,"AFRICA"
"1421","Tanzania","female","old",19,"AFRICA"
"1422","Tanzania","female","very old",3,"AFRICA"
"1423","Togo","male","very young",14,"AFRICA"
"1424","Togo","male","young",28,"AFRICA"
"1425","Togo","male","middle",36,"AFRICA"
"1426","Togo","male","old",4,"AFRICA"
"1427","Togo","female","very young",8,"AFRICA"
"1428","Togo","female","young",35,"AFRICA"
"1429","Togo","female","middle",18,"AFRICA"
"1430","Togo","female","old",5,"AFRICA"
"1431","Uganda","male","very young",23,"AFRICA"
"1432","Uganda","male","young",15,"AFRICA"
"1433","Uganda","male","middle",46,"AFRICA"
"1434","Uganda","male","old",22,"AFRICA"
"1435","Uganda","female","very young",19,"AFRICA"
"1436","Uganda","female","young",28,"AFRICA"
"1437","Uganda","female","middle",42,"AFRICA"
"1438","Uganda","female","old",22,"AFRICA"
"1439","Uganda","female","very old",1,"AFRICA"
"1440","DemocraticRepublicofCongo","male","very young",16,NA
"1441","DemocraticRepublicofCongo","male","young",32,NA
"1442","DemocraticRepublicofCongo","male","middle",35,NA
"1443","DemocraticRepublicofCongo","male","old",6,NA
"1444","DemocraticRepublicofCongo","male","very old",1,NA
"1445","DemocraticRepublicofCongo","female","very young",19,NA
"1446","DemocraticRepublicofCongo","female","young",36,NA
"1447","DemocraticRepublicofCongo","female","middle",29,NA
"1448","DemocraticRepublicofCongo","female","old",10,NA
"1449","DemocraticRepublicofCongo","female","very old",2,NA
"1450","Zambia","male","very young",9,"AFRICA"
"1451","Zambia","male","young",20,"AFRICA"
"1452","Zambia","male","middle",24,"AFRICA"
"1453","Zambia","male","old",3,"AFRICA"
"1454","Zambia","female","very young",15,"AFRICA"
"1455","Zambia","female","young",20,"AFRICA"
"1456","Zambia","female","middle",32,"AFRICA"
"1457","Zambia","female","old",4,"AFRICA"
"1458","Zimbabwe","male","very young",8,"AFRICA"
"1459","Zimbabwe","male","young",24,"AFRICA"
"1460","Zimbabwe","male","middle",43,"AFRICA"
"1461","Zimbabwe","male","old",17,"AFRICA"
"1462","Zimbabwe","male","very old",5,"AFRICA"
"1463","Zimbabwe","female","very young",8,"AFRICA"
"1464","Zimbabwe","female","young",29,"AFRICA"
"1465","Zimbabwe","female","middle",38,"AFRICA"
"1466","Zimbabwe","female","old",13,"AFRICA"
"1467","Zimbabwe","female","very old",3,"AFRICA"
"1468","Africa","male","very young",44,"AFRICA"
"1469","Africa","male","young",125,"AFRICA"
"1470","Africa","male","middle",139,"AFRICA"
"1471","Africa","male","old",45,"AFRICA"
"1472","Africa","male","very old",2,"AFRICA"
"1473","Africa","female","very young",36,"AFRICA"
"1474","Africa","female","young",133,"AFRICA"
"1475","Africa","female","middle",142,"AFRICA"
"1476","Africa","female","old",55,"AFRICA"
"1477","Africa","female","very old",5,"AFRICA"
"1478","EasternAfrica","male","very young",27,NA
"1479","EasternAfrica","male","young",63,NA
"1480","EasternAfrica","male","middle",56,NA
"1481","EasternAfrica","male","old",20,NA
"1482","EasternAfrica","male","very old",1,NA
"1483","EasternAfrica","female","very young",15,NA
"1484","EasternAfrica","female","young",63,NA
"1485","EasternAfrica","female","middle",44,NA
"1486","EasternAfrica","female","old",13,NA
"1487","EasternAfrica","female","very old",3,NA
"1488","NorthernAfrica","male","very young",6,NA
"1489","NorthernAfrica","male","young",21,NA
"1490","NorthernAfrica","male","middle",26,NA
"1491","NorthernAfrica","male","old",11,NA
"1492","NorthernAfrica","male","very old",5,NA
"1493","NorthernAfrica","female","very young",7,NA
"1494","NorthernAfrica","female","young",12,NA
"1495","NorthernAfrica","female","middle",11,NA
"1496","NorthernAfrica","female","old",12,NA
"1497","NorthernAfrica","female","very old",3,NA
"1498","WesternAfrica","male","very young",31,NA
"1499","WesternAfrica","male","young",61,NA
"1500","WesternAfrica","male","middle",85,NA
"1501","WesternAfrica","male","old",10,NA
"1502","WesternAfrica","female","very young",33,NA
"1503","WesternAfrica","female","young",81,NA
"1504","WesternAfrica","female","middle",56,NA
"1505","WesternAfrica","female","old",8,NA
"1506","OtherAfrica","male","very young",17,NA
"1507","OtherAfrica","male","young",27,NA
"1508","OtherAfrica","male","middle",39,NA
"1509","OtherAfrica","male","old",11,NA
"1510","OtherAfrica","female","very young",24,NA
"1511","OtherAfrica","female","young",32,NA
"1512","OtherAfrica","female","middle",30,NA
"1513","OtherAfrica","female","old",8,NA
"1514","OtherAfrica","female","very old",4,NA
"1515","Australia","male","very young",82,"OCEANIA"
"1516","Australia","male","young",144,"OCEANIA"
"1517","Australia","male","middle",189,"OCEANIA"
"1518","Australia","male","old",89,"OCEANIA"
"1519","Australia","male","very old",18,"OCEANIA"
"1520","Australia","female","very young",76,"OCEANIA"
"1521","Australia","female","young",132,"OCEANIA"
"1522","Australia","female","middle",159,"OCEANIA"
"1523","Australia","female","old",96,"OCEANIA"
"1524","Australia","female","very old",32,"OCEANIA"
"1525","Fiji","male","very young",21,"OCEANIA"
"1526","Fiji","male","young",45,"OCEANIA"
"1527","Fiji","male","middle",68,"OCEANIA"
"1528","Fiji","male","old",42,"OCEANIA"
"1529","Fiji","male","very old",10,"OCEANIA"
"1530","Fiji","female","very young",10,"OCEANIA"
"1531","Fiji","female","young",63,"OCEANIA"
"1532","Fiji","female","middle",89,"OCEANIA"
"1533","Fiji","female","old",41,"OCEANIA"
"1534","Fiji","female","very old",6,"OCEANIA"
"1535","MarshallIslands","male","very young",34,"OCEANIA"
"1536","MarshallIslands","male","young",31,"OCEANIA"
"1537","MarshallIslands","male","middle",20,"OCEANIA"
"1538","MarshallIslands","male","old",2,"OCEANIA"
"1539","MarshallIslands","female","very young",22,"OCEANIA"
"1540","MarshallIslands","female","young",22,"OCEANIA"
"1541","MarshallIslands","female","middle",24,"OCEANIA"
"1542","MarshallIslands","female","old",6,"OCEANIA"
"1543","Micronesia","male","very young",20,"OCEANIA"
"1544","Micronesia","male","young",40,"OCEANIA"
"1545","Micronesia","male","middle",26,"OCEANIA"
"1546","Micronesia","male","old",8,"OCEANIA"
"1547","Micronesia","female","very young",25,"OCEANIA"
"1548","Micronesia","female","young",29,"OCEANIA"
"1549","Micronesia","female","middle",21,"OCEANIA"
"1550","Micronesia","female","old",3,"OCEANIA"
"1551","NewZealand","male","very young",21,"OCEANIA"
"1552","NewZealand","male","young",42,"OCEANIA"
"1553","NewZealand","male","middle",78,"OCEANIA"
"1554","NewZealand","male","old",43,"OCEANIA"
"1555","NewZealand","male","very old",5,"OCEANIA"
"1556","NewZealand","female","very young",20,"OCEANIA"
"1557","NewZealand","female","young",36,"OCEANIA"
"1558","NewZealand","female","middle",68,"OCEANIA"
"1559","NewZealand","female","old",36,"OCEANIA"
"1560","NewZealand","female","very old",6,"OCEANIA"
"1561","Tonga","male","very young",4,"OCEANIA"
"1562","Tonga","male","young",14,"OCEANIA"
"1563","Tonga","male","middle",29,"OCEANIA"
"1564","Tonga","male","old",15,"OCEANIA"
"1565","Tonga","male","very old",1,"OCEANIA"
"1566","Tonga","female","very young",2,"OCEANIA"
"1567","Tonga","female","young",12,"OCEANIA"
"1568","Tonga","female","middle",27,"OCEANIA"
"1569","Tonga","female","old",20,"OCEANIA"
"1570","Tonga","female","very old",2,"OCEANIA"
"1571","Samoa","male","very young",8,"OCEANIA"
"1572","Samoa","male","young",11,"OCEANIA"
"1573","Samoa","male","middle",23,"OCEANIA"
"1574","Samoa","male","old",7,"OCEANIA"
"1575","Samoa","male","very old",2,"OCEANIA"
"1576","Samoa","female","very young",3,"OCEANIA"
"1577","Samoa","female","young",17,"OCEANIA"
"1578","Samoa","female","middle",15,"OCEANIA"
"1579","Samoa","female","old",9,"OCEANIA"
"1580","Samoa","female","very old",2,"OCEANIA"
"1581","OtherUSIslandAreas","male","very young",7,NA
"1582","OtherUSIslandAreas","male","young",26,NA
"1583","OtherUSIslandAreas","male","middle",25,NA
"1584","OtherUSIslandAreas","male","old",10,NA
"1585","OtherUSIslandAreas","male","very old",4,NA
"1586","OtherUSIslandAreas","female","very young",7,NA
"1587","OtherUSIslandAreas","female","young",25,NA
"1588","OtherUSIslandAreas","female","middle",24,NA
"1589","OtherUSIslandAreas","female","old",14,NA
"1590","OtherUSIslandAreas","female","very old",3,NA
